,Close,Portfolio,BuyHold,Signal,RSI,MACD_hist
2024-06-11,432.0334739682493,10000.0,10000.0,0,26.543039506519165,-3.9383557334078287
2024-06-12,439.80479930889027,10000.0,10179.877852270587,-1,37.313813702667616,-3.5642389829267787
2024-06-13,438.7891512223236,10000.0,10156.36930148081,-1,36.55933820543107,-3.2028192474141157
2024-06-14,439.32023460623554,10000.0,10168.661945822321,-1,37.27355542282821,-2.7622953127271357
2024-06-17,431.9849142110128,10000.0,9998.876018638312,-1,31.927129626209705,-2.791003073146614
2024-06-18,429.3357266820735,10000.0,9937.556984615177,-1,30.24009435697289,-2.8068919488606765
2024-06-19,430.07893734064885,10000.0,9954.759602082497,-1,31.336258674483844,-2.591020873270619
2024-06-20,424.3107517796207,10000.0,9821.247133521969,0,27.698469503163025,-2.650840102878462
2024-06-21,426.39342858360897,10000.0,9869.453509404348,-1,30.82117414803014,-2.373255356019297
2024-06-24,423.49068527102907,10000.0,9802.26558329487,0,28.94477578723766,-2.2114925204016886
2024-06-25,422.1777265132667,10000.0,9771.875374274658,-1,28.111130477633736,-2.0243077149956186
2024-06-26,419.29827204892393,10000.0,9705.226500105377,0,26.32071965385427,-1.9263577378556676
2024-06-27,428.7858758631657,10000.0,9924.829942567776,-1,39.902630011788226,-1.0958457953806482
2024-06-28,428.88794118153925,10000.0,9927.192382622157,-1,40.0307010097329,-0.4461804997402119
2024-07-01,423.6158228057906,10000.0,9805.16206105184,-1,35.78815746712809,-0.28587381974636195
2024-07-02,427.96658561173655,10000.0,9905.866359864243,-1,41.31555909104442,0.174070179824783
2024-07-03,421.8680087846548,10000.0,9764.706537893368,0,36.56427855220931,0.13046083692077204
2024-07-04,423.0941104153558,10000.0,9793.086321048575,0,38.1053847316968,0.24066660897312708
2024-07-05,413.31384940627635,10000.0,9566.708931369778,-1,31.526113737917626,-0.261445332175664
2024-07-08,406.89168268286375,10000.0,9418.059182904117,0,28.095695830513264,-0.9061229967502831
2024-07-09,408.0156537501507,10000.0,9444.0750158201,0,29.54071322468748,-1.1227209041066422
2024-07-10,411.7945311045643,10000.0,9531.542251164261,-1,34.31980087812009,-0.8876634677643311
2024-07-11,412.80607116899193,10000.0,9554.955716216784,-1,35.57941179058804,-0.5564211474801848
2024-07-12,412.3983098403779,10000.0,9545.517527900756,-1,35.28564168210512,-0.27156457794302824
2024-07-15,411.0731733025415,10000.0,9514.845447664356,-1,34.29464005989365,-0.08864014250284669
2024-07-16,403.94423385532735,10000.0,9349.836487091592,0,29.49533211826946,-0.3493771092549469
2024-07-17,400.61648854180714,10000.0,9272.811313950386,0,27.556724979565004,-0.6311445546735399
2024-07-18,398.5622612943264,10000.0,9225.263441591964,0,26.403074867861747,-0.8286113276929878
2024-07-19,403.77763449819975,10000.0,9345.98031929058,-1,33.96203073244463,-0.4970710473680171
2024-07-22,405.6040901135863,10000.0,9388.256108678159,-1,36.42466114327651,-0.06647916181927371
2024-07-23,397.1851761730363,10000.0,9193.388941020481,-1,30.735177153156982,-0.25006001777585496
2024-07-24,399.6830767775987,10000.0,9251.206234241283,-1,34.02780076089182,-0.11171329982033917
2024-07-25,398.79538571407306,10000.0,9230.659422084063,0,33.41979936512226,0.005353087437104165
2024-07-26,396.51305419726253,10000.0,9177.831767415382,-1,31.844349318673935,0.013929665855155093
2024-07-29,400.375137128956,10000.0,9267.22490855836,-1,37.23619683818126,0.34614776258156077
2024-07-30,406.2894763604559,10000.0,9404.120301805935,-1,44.47982102271821,0.9939839332500995
2024-07-31,411.80500284700844,10000.0,9531.784633828454,-1,50.24661836292005,1.7779659674328805
2024-08-01,408.6462071593618,10000.0,9458.670028642126,0,47.221496832145974,2.0485566371376223
2024-08-02,408.11065648136423,10000.0,9446.273982727476,0,46.7080547173103,2.1459190287759267
2024-08-05,410.71242769442006,10000.0,9506.495501887981,0,49.57644607632084,2.324926964447859
2024-08-06,416.50615961071736,10000.0,9640.599275447044,0,55.340930586627636,2.744129349840799
2024-08-07,415.1108261347111,9985.933780912517,9608.302391985906,1,53.74729885510026,2.826861896999966
2024-08-08,415.18226350324744,9987.505403020317,9609.9559066518,1,53.82061873396657,2.781527589803006
2024-08-09,410.66673303124765,9888.163732636322,9505.437837009547,1,48.578610062290686,2.359230723045335
2024-08-12,405.75742599442407,9780.158977826204,9391.805275353356,0,43.60592810241149,1.6922914620270424
2024-08-13,410.6875044517947,9888.620703888359,9505.918619675675,0,49.22673902238062,1.53104666700799
2024-08-14,418.3570444557356,10057.350583975058,9683.440512446987,1,56.49176480347197,1.866550555914118
2024-08-15,418.9995900628064,10071.486587330615,9698.313100933452,0,57.04629103839304,2.043118615683683
2024-08-16,425.05094755293277,10204.616452113394,9838.379967385821,0,61.96315960245923,2.4513338451913578
2024-08-19,427.91563464844904,10267.639568214752,9904.68703079931,0,64.06050046830593,2.7743887704369636
2024-08-20,425.6299502210121,10217.354510811141,9851.781768472232,0,61.16265848616861,2.6921237221991587
2024-08-21,428.49731162453423,10280.436461688627,9918.15073236721,0,63.39943702560166,2.6828438886535557
2024-08-22,437.43423957936386,10477.048876694878,10125.008036102117,1,69.32864817026692,3.1010270517116547
2024-08-23,438.2960233202519,10496.008118994416,10144.95518818208,0,69.83609602725684,3.242809180635471
2024-08-26,447.57725888329895,10700.195301381451,10359.781957918194,0,74.6923604692336,3.7338347704997616
2024-08-27,434.58098431268166,10414.27726082787,10058.965577852876,1,60.10104174820909,2.987810205785541
2024-08-28,439.91017706735744,10531.519501430737,10182.316963238061,1,63.26966418142459,2.6682130994912354
2024-08-29,441.4254761867413,10564.856082057184,10217.390614024092,1,64.14167242735586,2.383171092051846
2024-08-30,440.90102378483675,10553.318129215282,10205.251452743662,1,63.57906916099386,1.9991260183288482
2024-09-02,442.44467528573387,10587.27846223502,10240.981357806771,1,64.56428422476213,1.7005851650679995
2024-09-03,432.9538711100763,10378.480770370554,10021.3038386441,1,54.75682144097545,0.7632175451825853
2024-09-04,432.85166687018074,10376.23227709285,10018.938183062906,1,54.66052976450146,0.0720030309194275
2024-09-05,435.7454321327391,10439.895112869135,10085.91830004271,0,56.96792441677535,-0.23766121345886848
2024-09-06,444.51904811992523,10632.91466458723,10288.995527059404,1,63.099567935914585,0.08383598567751971
2024-09-09,442.8213220262621,10595.56469052664,10249.699356832838,1,61.27996431313208,0.1156318677471031
2024-09-10,439.58787472612994,10509.927285524393,10174.856838950303,-1,57.8578423182687,-0.13408790404049142
2024-09-11,437.99608987645433,10509.927285524393,10138.012822326891,0,56.194156168431675,-0.4420928349000466
2024-09-12,443.85859107077545,10509.927285524393,10273.708353982662,0,60.67871874888628,-0.29376090711161496
2024-09-13,446.67487974150333,10509.927285524393,10338.895170292524,0,62.656516043533905,-0.06091430801702469
2024-09-16,444.9073325491692,10509.927285524393,10297.982896155541,0,60.596456010973824,-0.0796926138288816
2024-09-17,448.7153874818971,10495.006985340846,10386.125486074576,1,63.389251365218804,0.10080339215403455
2024-09-18,450.31502669391165,10530.199048005166,10423.151302554068,0,64.52664200776086,0.2555730939405745
2024-09-19,456.630127495202,10669.131265633552,10569.32286521762,1,68.66538394714414,0.6864520028169672
2024-09-20,453.8790966760031,10608.608587611177,10505.646530281569,0,65.10201859472178,0.6876595263237073
2024-09-23,453.1837785186729,10593.311588149912,10489.55244963213,1,64.19524645343131,0.549117513622269
2024-09-24,452.1390549340248,10570.327669287655,10465.37090705275,1,62.78033311204152,0.30669601227441845
2024-09-25,445.28364147950316,10404.81911123941,10306.693076107053,-1,54.3197268338583,-0.35965067930824013
2024-09-26,447.9346124025008,10404.81911123941,10368.053389201506,-1,56.74716641365814,-0.6492795137018748
2024-09-27,450.4128837781812,10404.81911123941,10425.416337329514,0,58.943653318529705,-0.6971475136639285
2024-09-30,451.5215127002777,10404.81911123941,10451.077055512153,-1,59.92408982895005,-0.6767936280850284
2024-10-01,451.33411068289956,10404.81911123941,10446.739381959758,0,59.664714014532315,-0.6959136878547323
2024-10-02,443.8489831853737,10404.81911123941,10273.48596645992,-1,50.29979783156119,-1.2029106099661977
2024-10-03,441.78608679315477,10404.81911123941,10225.737435003062,0,48.06086624626096,-1.6403458827942483
2024-10-04,440.1459231661492,10404.81911123941,10187.773626043061,0,46.29638867371326,-1.9805336840854686
2024-10-07,436.08455270385446,10404.81911123941,10093.76770504368,-1,42.16802522632493,-2.3919371744973974
2024-10-08,435.41497603578324,10404.81911123941,10078.269446033306,-1,41.51081478294616,-2.604502763635171
2024-10-09,437.7002995558432,10404.81911123941,10131.166354670248,-1,44.6799158231953,-2.486786553497976
2024-10-10,447.7823892833998,10404.81911123941,10364.529978904087,-1,56.00520635186943,-1.664987694173599
2024-10-11,448.89957668086174,10404.81911123941,10390.388794592613,0,57.05437569786214,-1.0132878041631632
2024-10-14,450.4665076479673,10404.81911123941,10426.657534436155,0,58.54752519084765,-0.47135476606700344
2024-10-15,450.24426955082043,10404.81911123941,10421.513532627554,-1,58.23824933896512,-0.13973676657059997
2024-10-16,440.05737832743125,10404.81911123941,10185.724135805543,0,46.192874916728066,-0.5929265172087583
2024-10-17,440.0933897605284,10404.81911123941,10186.557669206702,-1,46.23520931308359,-0.8605084413477972
2024-10-18,440.5875101235398,10404.81911123941,10197.994754358295,-1,46.853095642980804,-0.9665311745549334
2024-10-21,453.78702963764533,10404.81911123941,10503.515513962111,0,60.05834799809889,-0.15270203818869543
2024-10-22,452.9210535195853,10390.17886202178,10483.471323633386,1,59.022212170809496,0.29773112856778194
2024-10-23,454.7411476207024,10428.400838145239,10525.599867155708,0,60.56223860097892,0.667522427587135
2024-10-24,454.73362563985023,10428.242876547341,10525.42576071939,1,60.55211040692464,0.8492282879104587
2024-10-25,448.53827267507745,10298.140464287113,10382.02592394591,1,52.73027545075179,0.5066920370850159
2024-10-28,454.8688852385023,10431.083328119035,10528.556527356746,1,58.61334585861683,0.6517503069559427
2024-10-29,459.1552040768246,10521.096023723803,10627.769183240845,0,62.05668403602414,0.9628716614413486
2024-10-30,462.31987776713487,10587.55417122032,10701.019842761334,0,64.41099768452241,1.2879932924168833
2024-10-31,456.0727113216163,10456.36367586443,10556.420712787954,1,56.904849390195544,1.0012693653907587
2024-11-01,462.5642367299621,10592.685709439691,10706.675861971671,0,61.876476163947316,1.156754496857892
2024-11-04,453.580215712029,10404.021268063096,10498.728525497614,1,52.79829768198054,0.5910072149443684
2024-11-05,455.5951483575544,10446.33485361913,10545.366871064176,1,54.413704468683896,0.3034433385379307
2024-11-06,466.38613244156323,10672.945519383315,10795.138815466842,1,61.92838819708113,0.7646894965720543
2024-11-07,459.62985962856817,10531.063790310418,10638.75572896805,1,55.73362761702824,0.5495281679364501
2024-11-08,455.3113738419503,10440.375588791443,10538.798525491375,1,52.14323671060334,0.07600823028688408
2024-11-11,454.67203306928053,10426.949432565378,10524.000117238484,0,51.613121652252204,-0.30000197916371363
2024-11-12,450.7428901922056,10330.243763906099,10433.054782818317,-1,48.35924019420262,-0.8044476230804807
2024-11-13,441.18355247809654,10330.243763906099,10211.790962070678,0,41.50368102392236,-1.7204226173836585
2024-11-14,440.3994615231742,10330.243763906099,10193.642114766777,0,40.99038402561385,-2.282382374336769
2024-11-15,433.6403671212254,10330.243763906099,10037.193718769444,-1,36.7688620999378,-2.9691021300618723
2024-11-18,434.9773277125479,10330.243763906099,10068.13948274098,0,38.12626316390758,-3.1745815515168165
2024-11-19,429.04724230320113,10330.243763906099,9930.879622876915,-1,34.580309252981806,-3.524187668924907
2024-11-20,435.9116604598963,10330.243763906099,10089.765879852448,-1,41.377095942864344,-3.121255012928291
2024-11-21,430.68113922402495,10330.243763906099,9968.698380433278,-1,38.126603276379626,-3.0325248330126016
2024-11-22,427.89689841364634,10330.243763906099,9904.253355264158,-1,36.48361828567971,-2.982354421332877
2024-11-25,430.9615844071938,10330.243763906099,9975.189664096853,-1,39.57048894534214,-2.5789203077779614
2024-11-26,423.47562145572726,10330.243763906099,9801.91691088383,-1,35.08508473958601,-2.642655919006414
2024-11-27,423.5304696858955,10330.243763906099,9803.18644747007,-1,35.143092491482406,-2.508603236792986
2024-11-28,429.0726678807252,10330.243763906099,9931.46813231093,-1,40.89087333161678,-1.9017004776498823
2024-11-29,419.6803535039146,10330.243763906099,9714.070292959694,-1,35.19793589623612,-1.9789906389236194
2024-12-02,419.51903102101596,10330.243763906099,9710.336265560916,-1,35.10752574243739,-1.887457132361214
2024-12-03,419.7365908766269,10330.243763906099,9715.371983131887,-1,35.348708227968274,-1.6664252768195809
2024-12-04,422.58319174277784,10330.243763906099,9781.260416266587,-1,38.56601602686589,-1.2042358443804684
2024-12-05,415.21190049107037,10330.243763906099,9610.641894882081,-1,33.86617440595835,-1.2644595555423432
2024-12-06,407.55311795177687,10330.243763906099,9433.368998202404,0,29.802392219656454,-1.6644297410755584
2024-12-09,409.0461067945718,10330.243763906099,9467.926247414642,-1,31.527289775533404,-1.6685410952589956
2024-12-10,409.4403520092702,10330.243763906099,9477.051586964775,-1,32.002437757927325,-1.4906365878448415
2024-12-11,410.83487071993096,10330.243763906099,9509.329611578285,-1,33.75356019783247,-1.1407415328669188
2024-12-12,412.707200732537,10330.243763906099,9552.66722603229,-1,36.13177328646404,-0.6682954299052248
2024-12-13,409.50447042157106,10330.243763906099,9478.535694474129,-1,33.89052886292987,-0.4661584227900981
2024-12-16,410.80957933685215,10330.243763906099,9508.744208256488,-1,35.64243415645409,-0.15530003849834983
2024-12-17,412.41866692223937,10330.243763906099,9545.98872013673,-1,37.82992354313385,0.22716025732916378
2024-12-18,409.0482920745709,10330.243763906099,9467.976828680463,0,35.13601957725611,0.31615463973321667
2024-12-19,418.3702139175611,10330.243763906099,9683.74533748067,-1,46.48666590624972,1.0258171833041185
2024-12-20,420.91641296892476,10330.243763906099,9742.680563679158,-1,49.10636864191093,1.6525519786581686
2024-12-23,415.0675091965138,10330.243763906099,9607.299762772956,0,43.80181421297876,1.6549324444462075
2024-12-24,418.5037050520679,10330.243763906099,9686.835170619772,-1,47.396909976668375,1.8546363650371784
2024-12-25,413.7762118512511,10330.243763906099,9577.410936488222,0,43.29346857391324,1.6423353396539584
2024-12-26,417.84984496490756,10330.243763906099,9671.700693164712,-1,47.510495400163855,1.7408508724621505
2024-12-27,423.8264126996767,10330.243763906099,9810.036449416979,-1,53.029412715409336,2.1464889460492067
2024-12-30,419.8220211493199,10330.243763906099,9717.349382519678,0,49.28995033957144,2.0815074734075134
2024-12-31,424.84330812225585,10330.243763906099,9833.573871488443,0,53.6990085338412,2.2962107639261955
2025-01-01,427.1176520198585,10330.243763906099,9886.216641890298,0,55.58278303282189,2.494422925815671
2025-01-02,431.5018959449374,10330.243763906099,9987.695906559524,0,59.0421676138766,2.80087175493485
2025-01-03,441.4961339220782,10315.573574857248,10219.026083023471,1,65.61631685230026,3.510729637321757
2025-01-06,440.37267752133874,10290.85753404098,10193.022162761914,0,64.36563210681899,3.718717630559443
2025-01-07,436.565728838234,10207.104663012677,10104.905178488965,1,60.1797060813268,3.4215103077918942
2025-01-08,432.0803769463902,10108.42692139211,10001.085632965196,1,55.59240588712072,2.7721440251832545
2025-01-09,428.02326171183347,10019.170386231865,9907.178204976068,1,51.749837583141236,1.9571029686088899
2025-01-10,427.7984551147544,10014.224641096125,9901.97475175717,1,51.53726663982264,1.3210543230690488
2025-01-13,429.72090595023127,10056.518559476615,9946.472480551634,1,53.30374309024454,0.9645593770629941
2025-01-14,431.3195921640856,10091.68965618141,9983.476238597748,1,54.77987239314268,0.7791110005097468
2025-01-15,435.7734841003814,10189.675278779918,10086.567600833794,1,58.697142842621076,0.8910296176615045
2025-01-16,436.0157840507039,10195.005877687014,10092.17596141051,1,58.90570315058889,0.912660348430383
2025-01-17,443.79535596787815,10366.156459864847,10272.24469186601,0,65.01415302639785,1.3554974134679845
2025-01-20,442.5634324280713,10339.054141989096,10243.730152738022,1,63.40684778395285,1.4609421576375308
2025-01-21,457.1866266388534,10660.764414626303,10582.203791747224,0,72.19436896913837,2.3578951354348634
2025-01-22,460.80206221898214,10740.303997389135,10665.88794582262,0,73.86540350311527,2.9960668231230363
2025-01-23,456.24662340815127,10640.084343550856,10560.446143617135,1,68.29607674300867,2.910310639889615
2025-01-24,450.5660290222325,10515.111267060642,10428.961091458046,1,62.016673954693545,2.296867985929315
2025-01-27,453.354883596828,10576.466067701744,10493.512908449904,1,63.777505120377825,1.9201047724240912
2025-01-28,452.3205302099112,10553.710293189575,10469.571398144784,1,62.61805504094328,1.463073689610594
2025-01-29,456.37694340668963,10642.951383518699,10563.462576518534,1,65.28354943809958,1.3012367754553322
2025-01-30,459.15119107134734,10703.984832141168,10627.67629679294,1,67.01579564230906,1.248115015104629
2025-01-31,458.93357776388586,10699.197339377017,10622.639342006481,1,66.73450863446604,1.0721402531581
2025-02-03,454.453686347058,10600.639728206803,10518.946186573876,1,61.0532087905719,0.553936241685804
2025-02-04,446.3743329554636,10408.16851072186,10331.938607800288,-1,52.39067335424872,-0.38257710970877934
2025-02-05,444.16112892204313,10408.16851072186,10280.711002376753,-1,50.28586766070946,-1.156949155708471
2025-02-06,448.90334203714224,10408.16851072186,10390.475948864387,-1,54.50360306757455,-1.3425849159967784
2025-02-07,450.2361921409486,10408.16851072186,10421.326570034178,0,55.64267139646909,-1.3639984047020315
2025-02-10,443.6857664082498,10408.16851072186,10269.708093055235,-1,49.13220729839985,-1.7813414434742656
2025-02-11,444.78529565657595,10408.16851072186,10295.158186961777,0,50.18581502750381,-1.9327053494020596
2025-02-12,447.0198118308103,10408.16851072186,10346.879090754488,-1,52.346027953329504,-1.832586701156882
2025-02-13,442.4573983377519,10393.413719254959,10241.275850080741,1,47.78913789129073,-2.00967938167539
2025-02-14,443.4505830223172,10415.263782315395,10264.264455001627,0,48.833357378145294,-1.9921134990098102
2025-02-17,443.9377155371085,10425.980697640804,10275.539796940226,0,49.36823665247181,-1.8812148703165397
2025-02-18,438.026399147975,10281.481684198376,10138.71437147405,-1,43.434533933639706,-2.121676965821393
2025-02-19,440.73929301572434,10281.481684198376,10201.507975007391,-1,46.606302207442916,-2.0145470540311634
2025-02-20,444.5426149806825,10281.481684198376,10289.54101397598,-1,50.77367601346689,-1.6209889990823922
2025-02-21,451.1647951307364,10281.481684198376,10442.82034414521,-1,57.05823658542063,-0.8849467907739892
2025-02-24,457.72726888446095,10281.481684198376,10594.717688891391,0,62.20738829685411,0.02537995104190016
2025-02-25,451.0297886486921,10266.978463817577,10439.695436234619,1,54.96369168714559,0.15094689797666794
2025-02-26,446.8109008926162,10178.381820939983,10342.043564093205,0,50.93979612641777,-0.06410687494817369
2025-02-27,450.4213220651078,10254.200665562308,10425.611652911177,1,54.04070325629515,0.018412675638620035
2025-02-28,454.0541643442518,10330.490353424331,10509.698708614897,0,56.986720765682406,0.2845085056848844
2025-03-03,457.7231818181434,10407.539720376055,10594.623088205013,0,59.79010609657787,0.6533773721015348
2025-03-04,479.75467006271913,10870.200973512145,11104.571728115145,0,71.71230845857721,2.2376864784756805
2025-03-05,483.9528525990327,10958.36280677473,11201.744349897273,0,73.33475820544392,3.357577830392631
2025-03-06,491.46708578951706,11116.161703774902,11375.671456088043,0,75.98928367842817,4.331644582689195
2025-03-07,498.02719885102186,11253.924078066502,11527.514159414937,0,78.04423389877175,5.092486700472774
2025-03-10,502.8663772517654,11355.546824482117,11639.523498790782,0,79.44196244894074,5.558366310218035
2025-03-11,501.9193637336095,11335.659540600842,11617.603588061238,0,78.3902296780558,5.433017063497971
2025-03-12,507.44430670362385,11451.683342971144,11745.485877349322,1,80.04967067716883,5.344310236725322
2025-03-13,503.7024618240316,11373.104600499708,11658.875808800161,0,75.80399864011977,4.679654811606396
2025-03-14,503.2280631188491,11363.142227690874,11647.895208134541,1,75.25900957159755,3.886703200286602
2025-03-17,501.2532137417845,11321.670390772519,11602.184644114457,0,72.90909251025104,2.9502920193762723
2025-03-18,502.69807095377075,11352.01239222423,11635.627821531132,1,73.55957864473223,2.1845647541299584
2025-03-19,517.6160900451837,11665.2907931439,11980.92558178082,1,79.13121301189412,2.420806199488931
2025-03-20,507.00124251946784,11442.378995103869,11735.23055661951,1,68.13001446257385,1.637712649278905
2025-03-21,512.1397621107931,11550.287906521698,11854.16855334758,0,70.28376271059147,1.2583811378181
2025-03-24,503.20159658732314,11362.586430528829,11647.282604410047,1,62.38614220504405,0.2507957712406501
2025-03-25,501.30795720069096,11322.820003409553,11603.451755627913,0,60.82670070852381,-0.6487540640902658
2025-03-26,508.81123751047045,11480.388889914922,11777.125342557683,1,64.60236819275973,-0.8322653287795205
2025-03-27,510.1704556144982,11508.932470099506,11808.586286811453,1,65.25566458627858,-0.9475603209171091
2025-03-28,504.5417769474577,11390.730218091656,11678.302894292332,0,60.29310544715825,-1.4578462862698114
2025-03-31,501.1695990693323,11304.13290256113,11600.249269253703,-1,57.47315659585334,-2.0416275725459627
2025-04-01,506.2089460839082,11288.078782369817,11716.891782350876,1,60.45008000336936,-2.0994143724435173
2025-04-02,502.73412560671096,11215.107552348676,11636.462355314106,0,57.463073590507676,-2.3630580276014026
2025-04-03,504.99517388252633,11262.589566140798,11688.79738053906,0,58.88666110207598,-2.3704725044481894
2025-04-04,506.23082742349965,11288.538290501237,11717.398255596814,0,59.680809087359556,-2.2769343273189993
2025-04-07,503.2343437981891,11209.765536500685,11648.040582965858,-1,56.814784397768385,-2.389919921265074
2025-04-08,517.1373646145854,11209.765536500685,11969.844833194347,0,65.17190847023092,-1.5424937182786937
2025-04-09,522.0538041583203,11209.765536500685,12083.642486384902,0,67.56244857960579,-0.7075104564397776
2025-04-10,510.3589056902896,11209.765536500685,11812.948219095553,0,57.45929238896814,-0.9825816167339454
2025-04-11,512.4704910516647,11209.765536500685,11861.823722699015,0,58.66129503495742,-1.0556566529477394
2025-04-14,509.37443256980845,11209.765536500685,11790.161255126332,0,56.15587189028586,-1.328227326774055
2025-04-15,515.5527369462761,11209.765536500685,11933.166479228985,-1,59.84181278323338,-1.1166539264934503
2025-04-16,511.6292523170461,11209.765536500685,11842.352112620014,-1,56.588311354732646,-1.2548469217914509
2025-04-17,511.8969176593137,11209.765536500685,11848.547589553991,0,56.76102494850482,-1.3346929627156872
2025-04-18,515.9715389816736,11209.765536500685,11942.860219659577,0,59.40851637127507,-1.127789529453465
2025-04-21,522.3123453847468,11209.765536500685,12089.626773297945,0,63.186090810479186,-0.6048102027992508
2025-04-22,515.7815832626635,11209.765536500685,11938.463437223592,-1,57.27401752330678,-0.7311910182120478
2025-04-23,514.6912133465582,11209.765536500685,11913.225348468799,-1,56.32641735492643,-0.9090934462249756
2025-04-24,512.7357245102204,11209.765536500685,11867.962910390179,-1,54.582261964967856,-1.1631005441889135
2025-04-25,509.6900995379012,11209.765536500685,11797.467794714421,0,51.88737524064529,-1.5184121031139908
2025-04-28,521.4565252965249,11209.765536500685,12069.817658037475,0,60.08640792144701,-0.9698620742088817
2025-04-29,524.9814569642643,11209.765536500685,12151.40697646141,0,62.166447127912804,-0.4072873991089576
2025-04-30,517.2481612021339,11209.765536500685,11972.409370301411,0,55.351273494198644,-0.5829589244900077
2025-05-01,523.1522093188328,11209.765536500685,12109.066561756274,-1,59.04291771321488,-0.3405077661486251
2025-05-02,536.683998638402,11194.017761253945,12422.27815610981,1,65.98475446070213,0.6388656094654328
2025-05-05,543.5479632517114,11324.433088906822,12581.153915209297,1,68.86724220896757,1.6018060841702706
2025-05-06,533.8551770319706,11140.270150731747,12356.801248025617,1,61.00546258059489,1.4437038054214488
2025-05-07,530.9665887024443,11085.386972470747,12289.940958173664,1,58.8493494625574,1.022179150221449
2025-05-08,539.2512252307978,11242.795066509463,12481.70009323,0,62.89936467505031,1.168362826453757
2025-05-09,534.8875862041699,11159.885925003535,12380.697756847412,1,59.57358317684194,0.8528655641665956
2025-05-12,537.9502632702314,11218.076789258703,12451.587566332095,1,61.12715334013928,0.7365208123544358
2025-05-13,543.1660184913043,11317.176138459086,12572.313286336284,0,63.68652915406543,0.8868257179787928
2025-05-14,537.3415592947167,11206.511413723923,12437.498288250845,1,59.01386204026184,0.48980028412332643
2025-05-15,537.1726705467088,11203.302527511772,12433.589129396632,1,58.87896351242583,0.13034046598929194
2025-05-16,516.4940968186787,10795.694451613788,11954.955528668977,-1,45.242438204966376,-1.4959077276799926
2025-05-19,510.3516124221681,10795.694451613788,11812.77940652521,-1,42.1216980990018,-2.899834977320917
2025-05-20,509.00897030741714,10795.694451613788,11781.702135997564,-1,41.44868541618461,-3.7778955484066703
2025-05-21,501.590979904114,10795.694451613788,11610.00269948936,0,37.85037785275349,-4.659427633551385
2025-05-22,511.6172497226231,10795.694451613788,11842.074296313032,-1,44.822818659528274,-4.3730525154222475
2025-05-23,503.04167664043126,10795.694451613788,11643.581040607063,0,40.62478543361966,-4.546827130674026
2025-05-26,500.5865647144743,10795.694451613788,11586.754149315362,-1,39.48462095084228,-4.59894846050973
2025-05-27,501.5721630577892,10795.694451613788,11609.56715809133,-1,40.21008800490529,-4.342027556554591
2025-05-28,510.44762265686404,10795.694451613788,11815.001693465481,-1,46.43725268572502,-3.3914643136378513
2025-05-29,501.85661264753656,10795.694451613788,11616.15112916965,-1,41.889416577423596,-3.1629090390272125
2025-05-30,509.06225233992626,10795.694451613788,11782.935420817366,-1,46.61215286806428,-2.3835614268966197
2025-06-02,509.3283884219538,10795.694451613788,11789.095500951506,-1,46.784179277630884,-1.7372728276988711
2025-06-03,503.53319714379705,10795.694451613788,11654.957948485313,-1,43.497440991420184,-1.5911227119096205
2025-06-04,506.52682370033904,10795.694451613788,11724.249490389355,-1,45.62263601631451,-1.2016028263587382
2025-06-05,507.9393833337262,10795.694451613788,11756.945096598123,-1,46.642448714694716,-0.7781240615033314
2025-06-06,504.4840736016533,10795.694451613788,11676.967272187074,-1,44.44658424914706,-0.6644425341507123
2025-06-09,505.10843571327376,10795.694451613788,11691.418979039454,-1,44.950907041852304,-0.4890257618631746
2025-06-10,502.9749773095203,10795.694451613788,11642.03719424029,-1,43.497800529615404,-0.4589932450152099
2025-06-11,503.86132391026797,10795.694451613788,11662.552886985264,-1,44.303349880179134,-0.32789607805288057
2025-06-12,508.06633289902135,10795.694451613788,11759.883516256423,-1,48.08488912717782,0.07221074562405105
2025-06-13,517.9391804045227,10795.694451613788,11988.403945815242,-1,55.69143375918835,0.981496979842782
2025-06-16,510.45299833723186,10795.694451613788,11815.126120869645,0,49.74023929410281,1.0522109735919751
2025-06-17,523.7229389163269,10780.46317396505,12122.27687141705,1,58.25566829176579,1.915826244013175
2025-06-18,511.66419017922993,10551.346947960206,11843.160796768096,1,49.970231176310165,1.6103601988052785
2025-06-19,510.93689988250975,10537.528432322524,11826.326677642091,1,49.51284258493803,1.3076265373546538
2025-06-20,514.748390278008,10609.946749836989,11914.548786000723,0,51.99284258228643,1.3091493148587487
2025-06-23,516.689970973293,10646.836783047405,11959.489301314306,1,53.25256214271736,1.3789772226400532
2025-06-24,513.0357357998281,10577.406314751572,11874.907078092096,1,50.56332419276259,1.1277021045516396
2025-06-25,511.9596602719677,10556.960879722224,11849.99985231682,1,49.766329772183866,0.8502999518745085
2025-06-26,509.1356850438161,10503.305350387345,11784.635120222958,1,47.64391661030485,0.45757887826213506
2025-06-27,505.73853976662394,10424.350846253474,11706.003590911367,-1,45.14941186306895,-0.024456061596462852
2025-06-30,511.09695346969147,10424.350846253474,11830.03133473062,-1,49.62924789947298,0.021612925400555927
2025-07-01,513.4910265776981,10424.350846253474,11885.445399895916,0,51.5338539847618,0.207045658488217
2025-07-02,509.42678867557805,10424.350846253474,11791.373108117463,-1,48.201768739401096,0.057481977608646595
2025-07-03,515.1299226986672,10409.553978683896,11923.3798707117,1,52.81249786600899,0.32898925455816724
2025-07-04,517.2355648089608,10449.561178779475,11972.117809717984,0,54.42549035949433,0.6198494277362903
2025-07-07,522.4877534006781,10549.352762022103,12093.686829439433,1,58.258289313412575,1.1069847337505785
2025-07-08,526.6444288111536,10628.329594821138,12189.898712567288,0,61.05012939311802,1.6191689188149434
2025-07-09,519.5094816192612,10492.765598175183,12024.750694605684,1,54.3325925552992,1.395908325980799
2025-07-10,514.1470151437638,10390.878735140732,11900.629143878541,1,49.88944580110148,0.8333229045341572
2025-07-11,516.9067112073681,10443.312960349213,11964.506047634544,1,52.06209986931561,0.6039850386774563
2025-07-14,518.8319008853092,10479.891564230094,12009.067170647957,1,53.57432536012124,0.5409097024270344
2025-07-15,516.8339730773866,10441.930935879565,11962.822425082955,1,51.749851657979754,0.33375397658983674
2025-07-16,515.701036106303,10420.405133428976,11936.599064178128,1,50.69555835270547,0.10159190092436199
2025-07-17,521.7512297029773,10535.358811765787,12076.638990739903,1,55.86649231322316,0.32410571251544984
2025-07-18,516.1690880810603,10429.298120949365,11947.432761170588,1,50.59419493263584,0.07684985913992026
2025-07-21,517.6996164399293,10458.378159767875,11982.85891333447,1,51.93361010129902,0.001851866424596782
2025-07-22,514.5797971174015,10384.440956930075,11910.646468917328,-1,49.01650345716179,-0.25802526345656074
2025-07-23,511.38313765506365,10384.440956930075,11836.65545537441,0,46.155745113773285,-0.6244735326757687
2025-07-24,516.284909809329,10384.440956930075,11950.11361196682,0,50.88899165657964,-0.5202624157488489
2025-07-25,519.5400841975245,10384.440956930075,12025.459032734721,-1,53.79385253406338,-0.23041027211725362
2025-07-28,522.7415502718127,10369.871064068544,12099.561301822405,1,56.517909760986605,0.15770115475764923
2025-07-29,529.0488168768204,10483.401862958684,12245.551531400572,0,61.35205645809787,0.7848996557730881
2025-07-30,527.277585826852,10451.519704059254,12204.553989388385,0,59.356356010122916,1.0117347285724572
2025-07-31,529.6943287140977,10495.021076029674,12260.492777303305,0,61.210405756925915,1.2406994562541236
2025-08-01,525.8152706344541,10425.198030596091,12170.706723365998,0,56.73664350970767,1.054385186390041
2025-08-04,525.9677550805416,10427.942750625665,12174.236182430523,1,56.87009091449461,0.8724294565051354
2025-08-05,523.2528585605105,10379.074613265106,12111.39622479727,1,53.69444758824028,0.5177659973297102
2025-08-06,521.978189261108,10356.130565875861,12081.892277158804,1,52.22005199448022,0.16417656706921013
2025-08-07,523.8269756173311,10389.408720287876,12124.684941792908,1,54.18506576443072,0.028753510912569613
2025-08-08,516.7979257144798,10248.936929223593,11961.988060037678,-1,46.37586588036155,-0.5294562930386713
2025-08-11,527.913550028295,10248.936929223593,12219.274242326235,0,56.943691597585364,-0.16424090221585796
2025-08-12,519.639978761101,10248.936929223593,12027.771227728756,-1,49.17553026021692,-0.4763845103493676
2025-08-13,510.19798349802915,10248.936929223593,11809.223456965843,-1,42.11461634914646,-1.2702008457768033
2025-08-14,515.4516607453588,10248.936929223593,11930.826933638016,-1,46.70046365559636,-1.3835686185922023
2025-08-15,518.4928009709156,10248.936929223593,12001.218243774794,-1,49.20886118655607,-1.2025469999499212
2025-08-18,520.5094464724383,10248.936929223593,12047.896235713697,-1,50.860376326351584,-0.9091372784038565
2025-08-19,522.5603297437847,10248.936929223593,12095.366707214644,-1,52.55013864313875,-0.5564088114754063
2025-08-20,522.692557743796,10248.936929223593,12098.427303394768,0,52.6631599248452,-0.3061670420858599
2025-08-21,517.2737765783487,10248.936929223593,11973.00227288323,-1,47.65376401406549,-0.48683465642247903
2025-08-22,517.9512266101647,10248.936929223593,11988.682771562964,-1,48.315672051007965,-0.53796020173384
2025-08-25,513.949566231715,10248.936929223593,11896.05892133918,0,44.71860842948135,-0.8025949772710772
2025-08-26,520.1690944263762,10248.936929223593,12040.018326556892,-1,50.84405857616918,-0.5330589572536438
2025-08-27,519.4592256045706,10248.936929223593,12023.587451067422,-1,50.1608873013351,-0.3838475348126166
2025-08-28,514.5212636797975,10248.936929223593,11909.291633212899,-1,45.57358943669512,-0.5868273064411369
2025-08-29,512.7427539927563,10248.936929223593,11868.125617285812,0,44.01238486567869,-0.7969468015082384
2025-09-01,515.4885824272596,10248.936929223593,11931.681535980788,-1,47.02943830882121,-0.7099774335652546
2025-09-02,512.2076550129782,10248.936929223593,11855.740026538337,-1,43.97977466628418,-0.8243528963170756
2025-09-03,507.3587671063803,10248.936929223593,11743.505947496715,0,39.86536011344753,-1.1571163560746376
2025-09-04,509.04535273140834,10248.936929223593,11782.544256485524,0,41.90133371983783,-1.1896012160842353
2025-09-05,510.74536000767023,10248.936929223593,11821.893227773493,0,43.960853696785456,-1.0286064768652698
2025-09-08,507.842631656373,10248.936929223593,11754.70564796317,-1,41.270671587749334,-1.0461735161282881
2025-09-09,505.17520871620155,10248.936929223593,11692.964530644851,0,38.91403816131017,-1.1573376429168858
2025-09-10,506.7839893061348,10248.936929223593,11730.201936699446,0,41.098606747987546,-1.045804077779564
2025-09-11,498.1803113886281,10248.936929223593,11531.058156508494,0,34.07939754975001,-1.4498863322413849
2025-09-12,489.9655346165381,10248.936929223593,11340.916020144918,0,28.988611887420404,-2.1278405870068307
2025-09-15,485.9373659468873,10248.936929223593,11247.678599612387,0,26.869069553201115,-2.6698836959457144
2025-09-16,484.88707753320546,10248.936929223593,11223.368251526741,0,26.328530707756116,-2.9021989701928304
2025-09-17,487.8598672496745,10248.936929223593,11292.177496541111,0,30.585169960456895,-2.664846341391957
2025-09-18,497.6679359888376,10248.936929223593,11519.198533801846,-1,42.408276066862896,-1.7032721243230124
2025-09-19,503.98429536872976,10248.936929223593,11665.399227972048,-1,48.49265809870834,-0.5571277879473246
2025-09-22,504.22657958970353,10248.936929223593,11671.00722447168,-1,48.71646697970577,0.2582552638949309
2025-09-23,505.3216616511084,10248.936929223593,11696.354382212641,0,49.77865819818048,0.8774147734674163
2025-09-24,500.45523598635737,10248.936929223593,11583.714368001412,0,45.28944829434983,0.9586785019568609
2025-09-25,501.5451486026216,10248.936929223593,11608.941871931915,-1,46.45416076504229,1.0764741684824521
2025-09-26,501.01155287983636,10248.936929223593,11596.591076103892,-1,45.93854027690745,1.1049302907756244
2025-09-29,504.15420933144554,10248.936929223593,11669.332116809459,-1,49.494168339085796,1.3079898663235987
2025-09-30,500.3595558864675,10248.936929223593,11581.499722478437,-1,45.59472137184123,1.1641387009866122
2025-10-01,504.6787387151978,10248.936929223593,11681.473059939039,0,50.38616051561972,1.3255442878370673
2025-10-02,515.1724565848405,10248.936929223593,11924.364375124811,0,59.67761369805815,2.0608409634890728
2025-10-03,515.7365076863354,10248.936929223593,11937.420101948801,0,60.110045965465275,2.478910779673983
2025-10-06,519.4604041126062,10234.525295503818,12023.614729232346,1,62.93613836944152,2.872237043011821
2025-10-07,525.0091388044381,10334.402519956793,12152.047710150848,0,66.71962405636289,3.339346219860828
2025-10-08,523.7414277645828,10311.583721239398,12122.704820855459,0,65.08494327748656,3.385593774922699
2025-10-09,526.4068053877141,10359.560518455763,12184.39859654024,1,66.92007418925552,3.408913122647381
2025-10-10,527.7497264262571,10383.733097149536,12215.482323136888,0,67.83731426127784,3.3244733831778297
2025-10-13,529.6349081811304,10417.666368737255,12259.117408575012,1,69.13128506325151,3.203947470952583
2025-10-14,525.9930763700203,10352.113396137273,12174.822277976456,1,63.79192489826864,2.7070980741799744
2025-10-15,527.4101659368383,10377.621008339996,12207.62273563086,1,64.92706330321366,2.317100593950016
2025-10-16,531.827742672151,10457.137389575624,12309.873533346532,1,68.26691484056487,2.2007230777506948
2025-10-17,542.3652304052853,10646.812168772041,12553.777961314738,0,74.50380465894406,2.647488485408303
2025-10-20,549.9102086695872,10782.621777529477,12728.41670388718,0,77.85927367323728,3.2267916618905472
2025-10-21,565.4386773445607,11062.134213678999,13087.844146680993,0,82.85920586477977,4.360932110634021
2025-10-22,561.5890742779118,10992.84135847932,12998.739868920058,0,78.14769263333051,4.536777581997713
2025-10-23,568.8155169223726,11122.917326079614,13166.005673073738,0,80.40065760846522,4.79927134443458
2025-10-24,571.432127496198,11170.01631640847,13226.57066934108,0,81.15815271983251,4.797186996755846
2025-10-27,587.8194495893007,11464.988114084319,13605.877437925104,0,85.05410652111526,5.497260359066518
2025-10-28,583.5286148298977,11387.753088415066,13506.5602549302,0,80.36820587723011,5.268572537752664
2025-10-29,579.0490628245675,11307.121152319123,13402.874955636482,0,75.68051114761924,4.445691756825626
2025-10-30,576.2738475800469,11257.167277917752,13338.638839415438,0,72.84568988080463,3.392153270174596
2025-10-31,562.9695580833571,11017.690066977335,13030.693036640268,1,61.04126465243756,1.569598906117136
2025-11-03,560.7688761561685,10978.07779228794,12979.755272328275,1,59.328665063864314,0.06561046143617588
2025-11-04,557.0063458252685,10910.352246331739,12892.666410987486,0,56.414395838497754,-1.2596885330091414
2025-11-05,559.3484045765283,10937.411931066492,12946.876533405732,-1,57.80383809501166,-2.0110623798293226
2025-11-06,562.9847686651774,10937.411931066492,13031.045106161191,0,59.939199149642846,-2.276139643400505
2025-11-07,577.0109993806815,10922.116796237244,13355.701216408215,1,66.89768880911383,-1.5542750433796932
2025-11-10,584.9766858836786,11057.533466788194,13540.077821068773,0,70.07656570866641,-0.6348830045430223
2025-11-11,582.3309276670365,11012.555577105279,13478.838163124201,1,67.74937324554026,-0.31563122864484683
2025-11-12,577.4504261054858,10929.587050558917,13365.872343213927,0,63.556439162014165,-0.5311681606270096
2025-11-13,582.2450143504896,11011.095050723981,13476.849583032064,1,65.79599191666449,-0.45194922363437406
2025-11-14,574.418011954118,10863.393233233935,13295.683009884846,-1,59.38072377860319,-0.996586150613771
2025-11-17,588.4208900219039,10863.393233233935,13619.798591466264,0,65.80450564350153,-0.5082896852848471
2025-11-18,598.1611866247049,10847.988639576053,13845.250950824808,1,69.42646683306377,0.33096261559491147
2025-11-19,596.2290614950238,10815.142512371474,13800.52929738591,1,67.89032767070438,0.6005312258334108
2025-11-20,585.4029641326769,10631.098857211577,13549.94460859065,0,59.89368168768955,-0.07005935869108093
2025-11-21,596.3186620573206,10816.665721930522,13802.603223775775,1,64.44154229066598,0.09290021582401131
2025-11-24,596.9301998789787,10827.061864898707,13816.758095064823,1,64.68316216605567,0.11197110754175732
2025-11-25,607.2295116209256,11002.150164511806,14055.14961707693,1,68.5581265937222,0.6578515271950831
2025-11-26,597.0686601060406,10829.415688758761,13819.962944582388,1,61.40056844079078,0.19809080225982534
2025-11-27,594.2072083880227,10780.771009552456,13753.730768363834,0,59.516131374073495,-0.4025057393781726
2025-11-28,595.6706958182078,10805.650295865604,13787.605167417754,0,60.18910561079662,-0.782966274740378
2025-12-01,597.4361250439051,10835.662592702458,13828.468418347868,0,61.03066624288937,-0.9844516976507336
2025-12-02,595.6433472884511,10790.001528472336,13786.972148649427,-1,59.65165812355866,-1.2880294809563058
2025-12-03,601.5248483446856,10774.638065809359,13923.107457846943,1,62.63453616968431,-1.1469925038844817
2025-12-04,595.2621053782241,10668.171435379514,13778.147788195936,0,57.73962456613471,-1.5070760544490618
2025-12-05,595.6736970869345,10675.168494427591,13787.674635848038,0,57.972088461100306,-1.7330006910028857
2025-12-08,597.9631972841659,10714.089997780524,13840.668219335961,0,59.31281006247118,-1.7392001848482437
2025-12-09,603.0896948378987,10801.240456193984,13959.327949718556,1,62.219093231811286,-1.4223406957417417
2025-12-10,609.6871213015345,10913.396706075791,14112.034322283582,0,65.6223513292743,-0.8224913439905706
2025-12-11,602.9222127990522,10798.393261533593,13955.451351053454,0,59.68541017337029,-0.9275928995220912
2025-12-12,593.2698079836942,10619.179042362292,13732.033366176029,-1,52.40078759794945,-1.651193526476069
2025-12-15,603.7897405163704,10619.179042362292,13975.53145524885,0,58.36507748511288,-1.4334102011787913
2025-12-16,607.6466093863671,10619.179042362292,14064.803909870738,0,60.327769681845005,-1.0589563390531609
2025-12-17,603.6471775755751,10619.179042362292,13972.231642864272,0,57.31074676571361,-1.1048910898599793
2025-12-18,616.3321129459359,10619.179042362292,14265.841655390594,0,63.53897915595826,-0.34463369736378446
2025-12-19,618.6668379182219,10619.179042362292,14319.882027559941,0,64.56374862483122,0.2213346055193739
2025-12-22,628.9067430471931,10604.059568327672,14556.898503040813,1,68.7166827367781,1.139842940702703
2025-12-23,630.9256731693758,10636.362450282595,14603.629375619708,0,69.47623115081828,1.7039254617379882
2025-12-24,646.7801886995064,10890.034698764684,14970.603614548605,0,74.67607251803994,2.8953617584686135
2025-12-25,660.6627369506746,11112.155470783375,15291.933999522165,0,78.18106010219442,4.285108728525724
2025-12-26,658.9532260166135,11084.803295838397,15252.365053200503,0,76.77194859596845,4.72148473320037
2025-12-29,666.899445056245,11211.942800472501,15436.291057050275,0,78.69421947988715,5.14287564600621
2025-12-30,672.3310151858393,11298.84792254601,15562.012105461294,0,79.91761434836437,5.360583512919099
2025-12-31,683.6420289258068,11479.82414238549,15823.820840698296,0,82.20868310552714,5.8022086881352095
2026-01-01,675.999538949188,11357.54430275959,15646.925057452101,0,75.90745391776447,5.138237437142358
2026-01-02,681.8351844126202,11450.914630174504,15781.998976836898,1,77.33596471399953,4.664538269225595
2026-01-05,690.7679711485204,11593.839217948907,15988.760426449866,0,79.3539608279977,4.521950944198707
2026-01-06,676.4657074551964,11365.002998855723,15657.715159008967,1,68.79244336284638,3.1012596928079006
2026-01-07,667.1310880557044,11215.649088463852,15441.65274806305,1,62.90756977375492,1.263907699688069
2026-01-08,651.072718312359,10943.094635912577,15069.960027222502,-1,54.30162164103617,-1.1702568870757943
2026-01-09,649.2283061192791,10943.094635912577,15027.268608519711,0,53.39805033408898,-2.9411202988241953
2026-01-12,655.0781823613198,10943.094635912577,15162.671918552827,0,55.904272251688624,-3.7056728773380954
2026-01-13,667.1501495576017,10943.094635912577,15442.093952345725,0,60.6118458426717,-3.393884924703439
2026-01-14,668.0101977434866,10943.094635912577,15462.00093265411,0,60.93184799030279,-3.131595146909227
2026-01-15,681.3325833343264,10927.588701633453,15770.365594041872,1,65.59474613850267,-2.111624732043012
2026-01-16,670.3214192661918,10762.421240611433,15515.497285644456,0,59.295472002458254,-2.2183207788666905
2026-01-19,656.8877830222784,10546.141648493105,15204.557577187965,-1,52.652186760710215,-3.17513686678579
2026-01-20,656.7126748781251,10546.141648493105,15200.504461984992,-1,52.56950823414495,-3.7612687783382963
2026-01-21,660.0020077276909,10546.141648493105,15276.640526613342,0,54.02979749855526,-3.854671803123738
2026-01-22,660.007065338171,10546.141648493105,15276.75759185909,0,54.032140959830535,-3.8351547628612614
2026-01-23,643.8967514458593,10531.293588291193,14903.862553325673,1,45.989741502116054,-4.765588996338259
2026-01-26,643.4657008992655,10524.827830092287,14893.885304511256,1,45.79334006271188,-5.231183686184449
2026-01-27,633.6505106022963,10363.347591528029,14666.699429148031,-1,41.45235660525488,-5.967969662547636
2026-01-28,638.9960310365673,10363.347591528029,14790.428740795393,-1,44.53605920295514,-5.85498619434914
2026-01-29,642.0626873398722,10363.347591528029,14861.410655116464,-1,46.28399925235489,-5.347393568285829
2026-01-30,635.077971518179,10363.347591528029,14699.739945725865,-1,42.962929366550284,-5.248343706708776
2026-02-02,631.4158559928763,10363.347591528029,14614.97532108542,-1,41.290065164822764,-5.186550266884964
2026-02-03,623.6427717840405,10363.347591528029,14435.056757427847,-1,37.91541590278194,-5.4018789648851335
2026-02-04,622.1758709577097,10363.347591528029,14401.103350696249,0,37.295922772823495,-5.364856698036265
2026-02-05,628.3115876259344,10363.347591528029,14543.122824601083,-1,41.59448994970265,-4.674197622659689
2026-02-06,619.874171920085,10363.347591528029,14347.827408522524,-1,37.760952490738006,-4.529426969482311
2026-02-09,622.6317182420029,10363.347591528029,14411.654553595097,-1,39.71646532182993,-4.009637917173139
2026-02-10,617.673644948358,10363.347591528029,14296.893230864596,-1,37.43877749529384,-3.7652968415260393
2026-02-11,610.8085272890324,10363.347591528029,14137.990782953118,-1,34.48940867642128,-3.819531227347853
2026-02-12,609.0467329669012,10363.347591528029,14097.211666789986,-1,33.75450391769803,-3.7236762145627846
2026-02-13,600.5061267425712,10363.347591528029,13899.52776637634,0,30.37551241204075,-3.962893880351439
2026-02-16,595.55567934065,10363.347591528029,13784.942955240043,0,28.589043623635035,-4.161440638759547
2026-02-17,586.0419544686503,10363.347591528029,13564.734905511494,0,25.48678693776101,-4.6058204536928
2026-02-18,598.9212236241565,10363.347591528029,13862.843036745156,-1,35.664578801511325,-3.7414223804826285
2026-02-19,598.2163907427127,10363.347591528029,13846.52872491719,-1,35.379769028209424,-2.9603990562150173
2026-02-20,592.2361973027012,10363.347591528029,13708.109046805603,-1,32.97374570798529,-2.602489780952606
2026-02-23,592.8093391706057,10363.347591528029,13721.375191732759,-1,33.440925126562405,-2.104392239946341
2026-02-24,591.0617748250421,10363.347591528029,13680.925447653623,-1,32.69267814258029,-1.6878442193975083
2026-02-25,588.5487957811322,10363.347591528029,13622.759143528434,-1,31.59780456543166,-1.3892460334531762
2026-02-26,591.9447225685154,10363.347591528029,13701.362469242793,-1,34.77665907891621,-0.7999705904907035
2026-02-27,596.3784433076154,10363.347591528029,13803.986941795254,0,38.77711164843747,0.008657813680574833
2026-03-02,591.6276844153048,10363.347591528029,13694.024191717705,0,36.214030888704436,0.32623100085659473
2026-03-03,586.5930399719598,10363.347591528029,13577.49052600191,-1,33.673820299784,0.30051212100457825
2026-03-04,583.7183701738251,10363.347591528029,13510.95239941346,0,32.281465423581196,0.1981322582437599
2026-03-05,566.6603367349699,10363.347591528029,13116.121108167059,0,25.534474164372696,-0.8525310179754104
2026-03-06,555.4504960659149,10363.347591528029,12856.654160708289,0,22.24422130605852,-2.0673213706062032
2026-03-09,563.672547151151,10363.347591528029,13046.964670903624,0,29.427208121188997,-2.0764922985348395
2026-03-10,573.8973487683172,10363.347591528029,13283.63155514412,-1,37.19704459697757,-1.1969799664566327
2026-03-11,571.2640595360979,10363.347591528029,13222.680508734857,-1,36.094874873341965,-0.6244088331299231
2026-03-12,574.3024322960686,10363.347591528029,13293.007762131754,0,38.364217794698945,0.08913775066110752
2026-03-13,575.5285690540775,10363.347591528029,13321.388358356087,-1,39.30097850992052,0.7377838937567951
2026-03-16,595.8715297353306,10363.347591528029,13792.253740484977,0,52.26389371750104,2.530058078960028
2026-03-17,602.923609069312,10363.347591528029,13955.483669620044,-1,55.78875062338666,4.091222679017601
2026-03-18,602.2392840819113,10363.347591528029,13939.644040780287,0,55.36154926335327,4.922649466211064
2026-03-19,595.5746119052418,10363.347591528029,13785.381175094115,0,51.24583125906682,4.860234463298919
2026-03-20,584.3317380251958,10363.347591528029,13525.149629219217,-1,45.14820138410988,3.9376010458685844
2026-03-23,585.9921538400605,10363.347591528029,13563.582202501415,-1,46.16696997677306,3.3386485743527903
2026-03-24,580.9079634741444,10363.347591528029,13445.901729291374,-1,43.502629001385536,2.5359366620054304
2026-03-25,571.2259445877029,10363.347591528029,13221.798286622647,-1,38.89875964889416,1.3483891770508682
2026-03-26,567.0223644869832,10363.347591528029,13124.500730900641,0,37.06472975333989,0.328435325167896
2026-03-27,559.8900305569906,10363.347591528029,12959.413200425706,-1,34.12479474814094,-0.7206612158474899
2026-03-30,571.4493519485904,10363.347591528029,13226.969352624445,-1,42.135559910880666,-0.5385281473987593
2026-03-31,577.7236813025004,10363.347591528029,13372.1972049082,0,45.97581356532194,0.06971964041269274
2026-04-01,577.8994989707277,10363.347591528029,13376.266743007005,-1,46.08379456967225,0.5238108512795359
2026-04-02,588.3937664867465,10363.347591528029,13619.170780502724,-1,52.22225015294708,1.5147809872226174
2026-04-03,589.175400352663,10363.347591528029,13637.26275515314,0,52.65461795397356,2.1670180589585666
2026-04-06,583.321700943184,10363.347591528029,13501.770952730692,0,49.07297897856443,2.144361922542264
2026-04-07,594.2166855535668,10348.74867783165,13753.950130198396,1,55.18332570019049,2.763857921805042
2026-04-08,598.2971243074262,10414.035697893401,13848.3974126365,1,57.25202811941564,3.312179647390952
2026-04-09,591.0894664611598,10298.713172353138,13681.566408083454,1,52.630673395887044,3.0592177048274523
2026-04-10,589.9758159956399,10280.89476490482,13655.789459475955,1,51.93314407292727,2.699220103902728
2026-04-13,584.0126831995419,10185.484640167253,13517.76467307859,1,48.245960494588005,1.9753715933751974
2026-04-14,574.5554172983246,10020.383652175955,13298.863442709751,-1,43.02825372917246,0.8339240334225426
2026-04-15,581.1709233930166,10020.383652175955,13451.988292826762,0,47.32011510408114,0.5143961250686133
2026-04-16,594.7197609473819,10006.403889499283,13765.594491668684,1,54.825947346226826,1.1680783154671974
2026-04-17,584.9765795737151,9860.25616889428,13540.075360380657,1,49.377569934082416,0.9083781206289576
2026-04-20,589.1624560273583,9923.04431569893,13636.963141209206,1,51.60278363133914,0.9766510074665158
